Medication List,NDC Code,Brand Name,Generic Product Name,Route,Description,Drug ID,Drug Name,Package Size,Unit,Dose,Form,MED Conversion Factor
Demo_DMARD Medications,T_00013010201,Azulfidine EN-tabs,sulfaSALAzine 500 mg oral delayed release tablet,oral,5-Aminosalicylates,d00379,ST6,N/A,N/A,N/A,N/A,N/A
Demo_DMARD Medications,T_00013010220,Azulfidine EN-tabs,sulfaSALAzine 500 mg oral delayed release tablet,oral,5-Aminosalicylates,d00379,ST6,N/A,N/A,N/A,N/A,N/A
Demo_DMARD Medications,T_00247185133,Azulfidine EN-tabs,sulfaSALAzine 500 mg oral delayed release tablet,oral,5-Aminosalicylates,d00379,ST6,N/A,N/A,N/A,N/A,N/A
Demo_DMARD Medications,T_00247207333,SulfaSALAzine,sulfaSALAzine 500 mg oral delayed release tablet,oral,5-Aminosalicylates,d00379,N/A,N/A,N/A,N/A,N/A,N/A
Demo_DMARD Medications,T_00603580321,SulfaSALAzine,sulfaSALAzine 500 mg oral delayed release tablet,oral,5-Aminosalicylates,d00379,N/A,N/A,N/A,N/A,N/A,N/A
Demo_DMARD Medications,T_00603580325,SulfaSALAzine,sulfaSALAzine 500 mg oral delayed release tablet,oral,5-Aminosalicylates,d00379,N/A,N/A,N/A,N/A,N/A,N/A
Demo_DMARD Medications,T_59762010401,SulfaSALAzine,sulfaSALAzine 500 mg oral delayed release tablet,oral,5-Aminosalicylates,d00379,N/A,N/A,N/A,N/A,N/A,N/A
Demo_DMARD Medications,T_59762010402,SulfaSALAzine,sulfaSALAzine 500 mg oral delayed release tablet,oral,5-Aminosalicylates,d00379,N/A,N/A,N/A,N/A,N/A,N/A
DEMO_UOD Opioid Medications,T_51862031752,FentaNYL,"fentaNYL 100 mcg/hr transdermal film, extended release",transdermal,UOD Opioid Medications,d00233,fentanyl,N/A,mcg/hr,100,N/A,7.2
DEMO_UOD Opioid Medications,T_51862031778,FentaNYL,"fentaNYL 100 mcg/hr transdermal film, extended release",transdermal,UOD Opioid Medications,d00233,fentanyl,N/A,mcg/hr,100,N/A,7.2
DEMO_UOD Opioid Medications,T_60505700900,FentaNYL,"fentaNYL 100 mcg/hr transdermal film, extended release",transdermal,UOD Opioid Medications,d00233,fentanyl,N/A,mcg/hr,100,N/A,7.2
DEMO_UOD Opioid Medications,T_60505700902,FentaNYL,"fentaNYL 100 mcg/hr transdermal film, extended release",transdermal,UOD Opioid Medications,d00233,fentanyl,N/A,mcg/hr,100,N/A,7.2
DEMO_UOD Opioid Medications,T_60505701400,FentaNYL,"fentaNYL 100 mcg/hr transdermal film, extended release",transdermal,UOD Opioid Medications,d00233,fentanyl,N/A,mcg/hr,100,N/A,7.2
DEMO_UOD Opioid Medications,T_60505701402,FentaNYL,"fentaNYL 100 mcg/hr transdermal film, extended release",transdermal,UOD Opioid Medications,d00233,fentanyl,N/A,mcg/hr,100,N/A,7.2
DEMO_UOD Opioid Medications1,T_60505701402,FentaNYL,"fentaNYL 100 mcg/hr transdermal film, extended release",transdermal,UOD Opioid Medications,d00233,fentanyl,N/A,mcg/hr,100,N/A,7.2
DEMO_UOD Opioid Medications,T_60505701404,Test,"fentaNYL 100 mcg/hr transdermal film, extended release",transdermal,UOD Opioid Medications,d00234,fentanyl,N/A,mcg/hr,100,N/A,7.2
Test_07-15-2019,01ta,Test,"fentaNYL 100 mcg/hr transdermal film, extended release",transdermal,UOD Opioid Medications,d00234,fentanyl,N/A,mcg/hr,100,N/A,7.2
